<?xml version="1.0" encoding="UTF-8"?>
    <addon id="repository.romy" name="Romy Repository" version="1.0.0" provider-name="Romycupidon">
        <requires>
            <import addon="xbmc.addon" version="12.0.0"/>
        </requires>
        <extension point="xbmc.addon.repository" name="Romy Repository">
            <info compressed="false">https://raw.githubusercontent.com/romycupidon/romy.repository/_repo/addons.xml</info>
            <checksum>https://raw.githubusercontent.com/romycupidon/romy.repository/_repo/addons.xml.md5</checksum>
            <datadir zip="true">https://raw.githubusercontent.com/romycupidon/romy.repository/_repo/</datadir>
            <hashes>false</hashes>
        </extension>
        <extension point="xbmc.addon.metadata">
            <summary>O colectie de addon-uri!!!</summary>
            <description>FREE!</description>
            <platform>all</platform>
    </extension>
</addon>